url,featuredContentVisible,scope
/en-gb/u/products/formula-1-healthy-meal-smooth-chocolate-550g-4468,false,false
/en-gb/u/products/formula-1-healthy-meal-mint-chocolate-550g-4471,false,false
/en-gb/u/products/formula-1-healthy-meal-vanilla-cream-550g-4466,false,false
/en-gb/u/products/formula-1-healthy-meal-banana-cream-550g-4462,false,false
/en-gb/u/products/protein-drink-mix-vanilla-588g-2600,false,false
/en-gb/u/products/formula-1-healthy-meal-cookie-crunch-550g-4467,false,false
/en-gb/u/products/formula-1-healthy-meal-cafe-latte-550g-4465,false,false
/en-gb/u/products/formula-1-healthy-meal-peach-and-lychee-550g-254k,false,false
/en-gb/u/products/formula-1-healthy-meal-raspberry-and-white-chocolate-500g-4469,false,false
/en-gb/u/products/formula-1-healthy-meal-smooth-chocolate-7x-26g-229k,false,false
/en-gb/u/products/formula-1-healthy-meal-cookie-crunch-7-x-26g-228k,false,false
/en-gb/u/products/formula-1-healthy-meal-strawberry-delight-550g-4463,false,false
/en-gb/u/products/formula-1-healthy-meal-vanilla-cream-7x-26g-053k,false,false
/en-gb/u/products/formula-1-healthy-meal-vanilla-cream-780g-048k,false,false
/en-gb/u/products/h24-achieve-protein-bar-dark-chocolate-6x-60g-150k,false,false
/en-gb/u/products/herbalife24-achieve-protein-bar-chocolate-chip-cookie-dough-6-x-60g-149k,false,false
/en-gb/u/products/hydrate-orange-20-x-5-3g-1433,false,false